{"cameraMode":{"drawMode":0,"name":"Shaded","section":"Shading Mode"},"sceneLighting":true,"audioPlay":false,"sceneViewState":{"showFog":true,"showMaterialUpdate":false,"showSkybox":true,"showFlares":true,"showImageEffects":true,"showParticleSystems":true},"in2DMode":false,"pivot":{"x":4.52995491027832,"y":1.2914605140686036,"z":-5.088648796081543},"rotation":{"x":0.07460053265094757,"y":-0.02333618886768818,"z":-0.001746305264532566,"w":-0.9969388842582703},"size":8.453897476196289,"orthographic":false}