{"cameraMode":{"drawMode":0,"name":"Shaded","section":"Shading Mode"},"sceneLighting":true,"audioPlay":false,"sceneViewState":{"showFog":true,"showMaterialUpdate":false,"showSkybox":true,"showFlares":true,"showImageEffects":true,"showParticleSystems":true},"in2DMode":false,"pivot":{"x":271.34228515625,"y":107.17019653320313,"z":-60.854248046875},"rotation":{"x":0.07460053265094757,"y":-0.02333618886768818,"z":-0.001746305264532566,"w":-0.9969388842582703},"size":1299.7095947265625,"orthographic":false}