{"cameraMode":{"drawMode":0,"name":"Shaded","section":"Shading Mode"},"sceneLighting":false,"audioPlay":false,"sceneViewState":{"showFog":true,"showMaterialUpdate":false,"showSkybox":false,"showFlares":true,"showImageEffects":true,"showParticleSystems":true},"in2DMode":false,"pivot":{"x":0.19999998807907105,"y":1.2914605140686036,"z":-5.088648796081543},"rotation":{"x":-0.05578075349330902,"y":-0.0009020885336212814,"z":0.0000503271548950579,"w":-0.9984426498413086},"size":2.8578836917877199,"orthographic":false}